лосось;нож;огонь
лосось;нож;лед
лосось;нож;мука
лосось;нож;яйца
лосось;нож;масло
лосось;нож;молоко
лосось;нож;сахар
лосось;нож;лед;огонь
лосось;нож;мука;огонь
лосось;нож;огонь;яйца
лосось;нож;масло;огонь
лосось;нож;молоко;огонь
лосось;нож;огонь;сахар
лосось;нож;лед;мука
лосось;нож;лед;яйца
лосось;нож;лед;масло
лосось;нож;лед;молоко
лосось;нож;лед;сахар
лосось;нож;мука;яйца
лосось;нож;масло;мука
лосось;нож;молоко;мука
лосось;нож;мука;сахар
лосось;нож;масло;яйца
лосось;нож;молоко;яйца
лосось;нож;сахар;яйца
лосось;нож;масло;молоко
лосось;нож;масло;сахар
лосось;нож;молоко;сахар
лосось;нож;лед;мука;огонь
лосось;нож;лед;огонь;яйца
лосось;нож;лед;масло;огонь
лосось;нож;лед;молоко;огонь
лосось;нож;лед;огонь;сахар
лосось;нож;мука;огонь;яйца
лосось;нож;масло;мука;огонь
лосось;нож;молоко;мука;огонь
лосось;нож;мука;огонь;сахар
лосось;нож;масло;огонь;яйца
лосось;нож;молоко;огонь;яйца
лосось;нож;огонь;сахар;яйца
лосось;нож;масло;молоко;огонь
лосось;нож;масло;огонь;сахар
лосось;нож;молоко;огонь;сахар
лосось;нож;лед;мука;яйца
лосось;нож;лед;масло;мука
лосось;нож;лед;молоко;мука
лосось;нож;лед;мука;сахар
лосось;нож;лед;масло;яйца
лосось;нож;лед;молоко;яйца
лосось;нож;лед;сахар;яйца
лосось;нож;лед;масло;молоко
лосось;нож;лед;масло;сахар
лосось;нож;лед;молоко;сахар
лосось;нож;масло;мука;яйца
лосось;нож;молоко;мука;яйца
лосось;нож;мука;сахар;яйца
лосось;нож;масло;молоко;мука
лосось;нож;масло;мука;сахар
лосось;нож;молоко;мука;сахар
лосось;нож;масло;молоко;яйца
лосось;нож;масло;сахар;яйца
лосось;нож;молоко;сахар;яйца
лосось;нож;масло;молоко;сахар
лосось;нож;лед;мука;огонь;яйца
лосось;нож;лед;масло;мука;огонь
лосось;нож;лед;молоко;мука;огонь
лосось;нож;лед;мука;огонь;сахар
лосось;нож;лед;масло;огонь;яйца
лосось;нож;лед;молоко;огонь;яйца
лосось;нож;лед;огонь;сахар;яйца
лосось;нож;лед;масло;молоко;огонь
лосось;нож;лед;масло;огонь;сахар
лосось;нож;лед;молоко;огонь;сахар
лосось;нож;масло;мука;огонь;яйца
лосось;нож;молоко;мука;огонь;яйца
лосось;нож;мука;огонь;сахар;яйца
лосось;нож;масло;молоко;мука;огонь
лосось;нож;масло;мука;огонь;сахар
лосось;нож;молоко;мука;огонь;сахар
лосось;нож;масло;молоко;огонь;яйца
лосось;нож;масло;огонь;сахар;яйца
лосось;нож;молоко;огонь;сахар;яйца
лосось;нож;масло;молоко;огонь;сахар
лосось;нож;лед;масло;мука;яйца
лосось;нож;лед;молоко;мука;яйца
лосось;нож;лед;мука;сахар;яйца
лосось;нож;лед;масло;молоко;мука
лосось;нож;лед;масло;мука;сахар
лосось;нож;лед;молоко;мука;сахар
лосось;нож;лед;масло;молоко;яйца
лосось;нож;лед;масло;сахар;яйца
лосось;нож;лед;молоко;сахар;яйца
лосось;нож;лед;масло;молоко;сахар
лосось;нож;масло;молоко;мука;яйца
лосось;нож;масло;мука;сахар;яйца
лосось;нож;молоко;мука;сахар;яйца
лосось;нож;масло;молоко;мука;сахар
лосось;нож;масло;молоко;сахар;яйца
