лосось;нож;мука
лосось;нож;мука;яйца
лосось;нож;масло;мука
лосось;нож;молоко;мука
лосось;нож;мука;сахар
лосось;нож;мука;овощи
лосось;нож;мука;фрукты
лосось;нож;вода;мука
лосось;нож;лед;мука
лосось;нож;карамель;мука
лосось;нож;масло;мука;яйца
лосось;нож;молоко;мука;яйца
лосось;нож;мука;сахар;яйца
лосось;нож;мука;овощи;яйца
лосось;нож;мука;фрукты;яйца
лосось;нож;вода;мука;яйца
лосось;нож;лед;мука;яйца
лосось;нож;карамель;мука;яйца
лосось;нож;масло;молоко;мука
лосось;нож;масло;мука;сахар
лосось;нож;масло;мука;овощи
лосось;нож;масло;мука;фрукты
лосось;нож;вода;масло;мука
лосось;нож;лед;масло;мука
лосось;нож;карамель;масло;мука
лосось;нож;молоко;мука;сахар
лосось;нож;молоко;мука;овощи
лосось;нож;молоко;мука;фрукты
лосось;нож;вода;молоко;мука
лосось;нож;лед;молоко;мука
лосось;нож;карамель;молоко;мука
лосось;нож;мука;овощи;сахар
лосось;нож;мука;сахар;фрукты
лосось;нож;вода;мука;сахар
лосось;нож;лед;мука;сахар
лосось;нож;карамель;мука;сахар
лосось;нож;мука;овощи;фрукты
лосось;нож;вода;мука;овощи
лосось;нож;лед;мука;овощи
лосось;нож;карамель;мука;овощи
лосось;нож;вода;мука;фрукты
лосось;нож;лед;мука;фрукты
лосось;нож;карамель;мука;фрукты
лосось;нож;вода;лед;мука
лосось;нож;вода;карамель;мука
лосось;нож;карамель;лед;мука
лосось;нож;масло;молоко;мука;яйца
лосось;нож;масло;мука;сахар;яйца
лосось;нож;масло;мука;овощи;яйца
лосось;нож;масло;мука;фрукты;яйца
лосось;нож;вода;масло;мука;яйца
лосось;нож;лед;масло;мука;яйца
лосось;нож;карамель;масло;мука;яйца
лосось;нож;молоко;мука;сахар;яйца
лосось;нож;молоко;мука;овощи;яйца
лосось;нож;молоко;мука;фрукты;яйца
лосось;нож;вода;молоко;мука;яйца
лосось;нож;лед;молоко;мука;яйца
лосось;нож;карамель;молоко;мука;яйца
лосось;нож;мука;овощи;сахар;яйца
лосось;нож;мука;сахар;фрукты;яйца
лосось;нож;вода;мука;сахар;яйца
лосось;нож;лед;мука;сахар;яйца
лосось;нож;карамель;мука;сахар;яйца
лосось;нож;мука;овощи;фрукты;яйца
лосось;нож;вода;мука;овощи;яйца
лосось;нож;лед;мука;овощи;яйца
лосось;нож;карамель;мука;овощи;яйца
лосось;нож;вода;мука;фрукты;яйца
лосось;нож;лед;мука;фрукты;яйца
лосось;нож;карамель;мука;фрукты;яйца
лосось;нож;вода;лед;мука;яйца
лосось;нож;вода;карамель;мука;яйца
лосось;нож;карамель;лед;мука;яйца
лосось;нож;масло;молоко;мука;сахар
лосось;нож;масло;молоко;мука;овощи
лосось;нож;масло;молоко;мука;фрукты
лосось;нож;вода;масло;молоко;мука
лосось;нож;лед;масло;молоко;мука
лосось;нож;карамель;масло;молоко;мука
лосось;нож;масло;мука;овощи;сахар
лосось;нож;масло;мука;сахар;фрукты
лосось;нож;вода;масло;мука;сахар
лосось;нож;лед;масло;мука;сахар
лосось;нож;карамель;масло;мука;сахар
лосось;нож;масло;мука;овощи;фрукты
лосось;нож;вода;масло;мука;овощи
лосось;нож;лед;масло;мука;овощи
лосось;нож;карамель;масло;мука;овощи
лосось;нож;вода;масло;мука;фрукты
лосось;нож;лед;масло;мука;фрукты
лосось;нож;карамель;масло;мука;фрукты
лосось;нож;вода;лед;масло;мука
лосось;нож;вода;карамель;масло;мука
лосось;нож;карамель;лед;масло;мука
лосось;нож;молоко;мука;овощи;сахар
лосось;нож;молоко;мука;сахар;фрукты
лосось;нож;вода;молоко;мука;сахар
лосось;нож;лед;молоко;мука;сахар
лосось;нож;карамель;молоко;мука;сахар
лосось;нож;молоко;мука;овощи;фрукты
лосось;нож;вода;молоко;мука;овощи
лосось;нож;лед;молоко;мука;овощи
лосось;нож;карамель;молоко;мука;овощи
лосось;нож;вода;молоко;мука;фрукты
лосось;нож;лед;молоко;мука;фрукты
лосось;нож;карамель;молоко;мука;фрукты
лосось;нож;вода;лед;молоко;мука
лосось;нож;вода;карамель;молоко;мука
лосось;нож;карамель;лед;молоко;мука
лосось;нож;мука;овощи;сахар;фрукты
лосось;нож;вода;мука;овощи;сахар
лосось;нож;лед;мука;овощи;сахар
лосось;нож;карамель;мука;овощи;сахар
лосось;нож;вода;мука;сахар;фрукты
лосось;нож;лед;мука;сахар;фрукты
лосось;нож;карамель;мука;сахар;фрукты
лосось;нож;вода;лед;мука;сахар
лосось;нож;вода;карамель;мука;сахар
лосось;нож;карамель;лед;мука;сахар
лосось;нож;вода;мука;овощи;фрукты
лосось;нож;лед;мука;овощи;фрукты
лосось;нож;карамель;мука;овощи;фрукты
лосось;нож;вода;лед;мука;овощи
лосось;нож;вода;карамель;мука;овощи
лосось;нож;карамель;лед;мука;овощи
лосось;нож;вода;лед;мука;фрукты
лосось;нож;вода;карамель;мука;фрукты
лосось;нож;карамель;лед;мука;фрукты
лосось;нож;вода;карамель;лед;мука
